cpse,material_code,description
CPCL,CP-DEMO-1,HEX BOLT M16 X 50 SS304
BHEL,BH-DEMO-1,HEXAGONAL BOLT M16X50MM STAINLESS STEEL 304
NTPC,NT-DEMO-2,BEARING 6205
ONGC,ON-DEMO-2,BEARING BALL 6205 ZZ
SAIL,SL-DEMO-3,BOLT
CPCL,CP-DEMO-3,VALVE
BHEL,BH-DEMO-4,"VAVLE GATE 4"" 150LB CS FLANGED"
SAIL,SL-DEMO-4,GATE VALVE 4 INCH 150# CARBON STEEL FLG
ONGC,ON-DEMO-5,GASKET TEFLON 2 INCH 150#
NTPC,NT-DEMO-5,"GASKET PTFE 2"" CLASS 150"
BHEL,BHEL-1001,HEX BLOT M12 40 SS304
CPCL,CPCL-1002,HEX BOLT M12 40 SS316
NTPC,NTPC-1003,HEX BOLT M12 40 CS
CPCL,CPCL-1004,40 MS HEX BOLT M12
NTPC,NTPC-1005,HEX BLOT M12 40 HT
SAIL,SAIL-1006,HEX BOLT M12 40 HT
BHEL,BHEL-1007,HEX BLOT M12 50 SS304
NTPC,NTPC-1008,HEX BLOT M12 50 SS304
CPCL,CPCL-1009,50 SS304 HEX BOLT M12
SAIL,SAIL-1010,HEX BLOT M12 50 SS316
ONGC,ONGC-1011,HEX BOLT M12 50
NTPC,NTPC-1012,50 CS HEX BOLT M12
CPCL,CPCL-1013,50 CS HEX BOLT M12
ONGC,ONGC-1014,HEX BLOT M12 50 CS
BHEL,BHEL-1015,HEX BOLT M12 50
SAIL,SAIL-1016,HEX BOLT M12 50 MS
SAIL,SAIL-1017,50 HT HEX BOLT M12
CPCL,CPCL-1018,HEX BLOT M12 50 HT
NTPC,NTPC-1019,HEX BOLT M12 50 HT
SAIL,SAIL-1020,HEX BOLT M12 60 SS304
CPCL,CPCL-1021,HEX BOLT M12 60 SS304
NTPC,NTPC-1022,HEX BOLT M12 60
BHEL,BHEL-1023,HEX BOLT M12 60 SS316
CPCL,CPCL-1024,HEX BOLT M12 60 CS
NTPC,NTPC-1025,HEX BOLT M12 60 CS
BHEL,BHEL-1026,HEX BOLT M12 60 CS
ONGC,ONGC-1027,HEX BOLT M12 60 MS
CPCL,CPCL-1028,HEX BLOT M12 60 MS
ONGC,ONGC-1029,HEX BLOT M12 60 HT
BHEL,BHEL-1030,HEX BOLT M12 60 HT
ONGC,ONGC-1031,75 SS304 HEX BOLT M12
CPCL,CPCL-1032,75 SS304 HEX BOLT M12
ONGC,ONGC-1033,HEX BOLT M12 75 SS316
CPCL,CPCL-1034,HEX BLOT M12 75 SS316
BHEL,BHEL-1035,75 CS HEX BOLT M12
CPCL,CPCL-1036,HEX BOLT M12 75 CS
ONGC,ONGC-1037,HEX BOLT M12 75 MS
BHEL,BHEL-1038,HEX BOLT M12 75 MS
SAIL,SAIL-1039,75 MS HEX BOLT M12
BHEL,BHEL-1040,HEX BOLT M12 75
CPCL,CPCL-1041,HEX BLOT M12 75 HT
SAIL,SAIL-1042,100 SS304 HEX BOLT M12
ONGC,ONGC-1043,HEX BOLT M12 100
BHEL,BHEL-1044,HEX BOLT M12 100 SS304
BHEL,BHEL-1045,HEX BLOT M12 100 SS316
ONGC,ONGC-1046,HEX BLOT M12 100 SS316
CPCL,CPCL-1047,HEX BOLT M12 100 SS316
BHEL,BHEL-1048,HEX BOLT M12 100 CS
CPCL,CPCL-1049,100 MS HEX BOLT M12
ONGC,ONGC-1050,HEX BOLT M12 100 MS
SAIL,SAIL-1051,HEX BOLT M12 100 MS
NTPC,NTPC-1052,HEX BOLT M12 100
SAIL,SAIL-1053,HEX BOLT M12 100 HT
BHEL,BHEL-1054,100 HT HEX BOLT M12
SAIL,SAIL-1055,40 SS304 HEX BOLT M16
BHEL,BHEL-1056,HEX BOLT M16 40 SS304
SAIL,SAIL-1057,HEX BOLT M16 40 SS316
BHEL,BHEL-1058,HEX BOLT M16 40 SS316
CPCL,CPCL-1059,HEX BOLT M16 40 SS316
ONGC,ONGC-1060,40 CS HEX BOLT M16
NTPC,NTPC-1061,HEX BLOT M16 40 CS
BHEL,BHEL-1062,HEX BOLT M16 40 MS
NTPC,NTPC-1063,HEX BOLT M16 40 MS
BHEL,BHEL-1064,HEX BOLT M16 40
CPCL,CPCL-1065,HEX BOLT M16 40 HT
SAIL,SAIL-1066,HEX BOLT M16 50 SS304
BHEL,BHEL-1067,HEX BOLT M16 50
ONGC,ONGC-1068,HEX BLOT M16 50 SS316
BHEL,BHEL-1069,HEX BOLT M16 50 CS
ONGC,ONGC-1070,HEX BLOT M16 50 MS
CPCL,CPCL-1071,HEX BLOT M16 50 MS
NTPC,NTPC-1072,HEX BOLT M16 50
CPCL,CPCL-1073,HEX BOLT M16 50
SAIL,SAIL-1074,50 HT HEX BOLT M16
NTPC,NTPC-1075,50 HT HEX BOLT M16
BHEL,BHEL-1076,HEX BOLT M16 60 SS304
NTPC,NTPC-1077,HEX BOLT M16 60 SS304
CPCL,CPCL-1078,HEX BLOT M16 60 SS304
ONGC,ONGC-1079,HEX BLOT M16 60 SS316
SAIL,SAIL-1080,HEX BOLT M16 60
CPCL,CPCL-1081,60 SS316 HEX BOLT M16
NTPC,NTPC-1082,HEX BOLT M16 60 CS
BHEL,BHEL-1083,HEX BOLT M16 60 CS
CPCL,CPCL-1084,HEX BLOT M16 60 CS
ONGC,ONGC-1085,HEX BOLT M16 60 MS
SAIL,SAIL-1086,60 MS HEX BOLT M16
SAIL,SAIL-1087,HEX BLOT M16 60 HT
CPCL,CPCL-1088,60 HT HEX BOLT M16
SAIL,SAIL-1089,75 SS304 HEX BOLT M16
CPCL,CPCL-1090,HEX BOLT M16 75 SS304
ONGC,ONGC-1091,HEX BOLT M16 75 SS316
NTPC,NTPC-1092,HEX BOLT M16 75
SAIL,SAIL-1093,HEX BOLT M16 75
BHEL,BHEL-1094,HEX BOLT M16 75 CS
CPCL,CPCL-1095,HEX BLOT M16 75 MS
SAIL,SAIL-1096,HEX BOLT M16 75 HT
NTPC,NTPC-1097,75 HT HEX BOLT M16
CPCL,CPCL-1098,HEX BOLT M16 100 SS304
ONGC,ONGC-1099,100 SS304 HEX BOLT M16
NTPC,NTPC-1100,HEX BOLT M16 100
BHEL,BHEL-1101,HEX BOLT M16 100 SS316
CPCL,CPCL-1102,HEX BLOT M16 100 SS316
SAIL,SAIL-1103,100 SS316 HEX BOLT M16
SAIL,SAIL-1104,HEX BOLT M16 100 CS
ONGC,ONGC-1105,HEX BLOT M16 100 CS
CPCL,CPCL-1106,HEX BOLT M16 100 CS
SAIL,SAIL-1107,HEX BLOT M16 100 MS
NTPC,NTPC-1108,HEX BOLT M16 100 MS
CPCL,CPCL-1109,HEX BLOT M16 100 MS
NTPC,NTPC-1110,100 HT HEX BOLT M16
ONGC,ONGC-1111,HEX BOLT M16 100
CPCL,CPCL-1112,HEX BOLT M16 100 HT
BHEL,BHEL-1113,HEX BOLT M20 40
SAIL,SAIL-1114,HEX BOLT M20 40 SS304
ONGC,ONGC-1115,HEX BOLT M20 40 SS316
BHEL,BHEL-1116,40 SS316 HEX BOLT M20
SAIL,SAIL-1117,40 CS HEX BOLT M20
CPCL,CPCL-1118,HEX BLOT M20 40 CS
ONGC,ONGC-1119,HEX BOLT M20 40
CPCL,CPCL-1120,HEX BOLT M20 40 MS
NTPC,NTPC-1121,HEX BOLT M20 40
SAIL,SAIL-1122,HEX BLOT M20 40 MS
SAIL,SAIL-1123,HEX BOLT M20 40 HT
BHEL,BHEL-1124,HEX BOLT M20 50 SS304
BHEL,BHEL-1125,HEX BOLT M20 50 SS316
CPCL,CPCL-1126,HEX BOLT M20 50
NTPC,NTPC-1127,HEX BOLT M20 50 SS316
NTPC,NTPC-1128,HEX BLOT M20 50 CS
SAIL,SAIL-1129,HEX BOLT M20 50 CS
BHEL,BHEL-1130,HEX BOLT M20 50 CS
SAIL,SAIL-1131,HEX BOLT M20 50 MS
CPCL,CPCL-1132,HEX BLOT M20 50 MS
BHEL,BHEL-1133,HEX BOLT M20 50 MS
CPCL,CPCL-1134,50 HT HEX BOLT M20
ONGC,ONGC-1135,HEX BLOT M20 50 HT
BHEL,BHEL-1136,HEX BOLT M20 50
SAIL,SAIL-1137,60 SS304 HEX BOLT M20
NTPC,NTPC-1138,HEX BOLT M20 60 SS304
CPCL,CPCL-1139,HEX BOLT M20 60 SS304
BHEL,BHEL-1140,HEX BOLT M20 60 SS316
NTPC,NTPC-1141,60 SS316 HEX BOLT M20
ONGC,ONGC-1142,60 SS316 HEX BOLT M20
BHEL,BHEL-1143,HEX BOLT M20 60 CS
CPCL,CPCL-1144,HEX BOLT M20 60 CS
SAIL,SAIL-1145,HEX BOLT M20 60 CS
CPCL,CPCL-1146,60 MS HEX BOLT M20
NTPC,NTPC-1147,HEX BLOT M20 60 MS
BHEL,BHEL-1148,HEX BOLT M20 60
NTPC,NTPC-1149,HEX BLOT M20 75 SS304
CPCL,CPCL-1150,HEX BOLT M20 75 SS316
ONGC,ONGC-1151,HEX BOLT M20 75 SS316
BHEL,BHEL-1152,HEX BOLT M20 75 SS316
BHEL,BHEL-1153,HEX BLOT M20 75 CS
SAIL,SAIL-1154,HEX BLOT M20 75 CS
ONGC,ONGC-1155,HEX BOLT M20 75 CS
CPCL,CPCL-1156,HEX BOLT M20 75
NTPC,NTPC-1157,HEX BLOT M20 75 MS
ONGC,ONGC-1158,HEX BOLT M20 75
CPCL,CPCL-1159,HEX BOLT M20 75 HT
NTPC,NTPC-1160,HEX BOLT M20 100 SS304
BHEL,BHEL-1161,HEX BOLT M20 100 SS316
NTPC,NTPC-1162,HEX BOLT M20 100 SS316
BHEL,BHEL-1163,HEX BLOT M20 100 CS
CPCL,CPCL-1164,100 CS HEX BOLT M20
BHEL,BHEL-1165,HEX BOLT M20 100 MS
CPCL,CPCL-1166,HEX BOLT M20 100 HT
SAIL,SAIL-1167,HEX BOLT M24 40 SS304
CPCL,CPCL-1168,HEX BOLT M24 40 SS316
BHEL,BHEL-1169,HEX BOLT M24 40 SS316
SAIL,SAIL-1170,HEX BOLT M24 40 SS316
ONGC,ONGC-1171,HEX BLOT M24 40 CS
CPCL,CPCL-1172,HEX BOLT M24 40
BHEL,BHEL-1173,HEX BOLT M24 40 MS
ONGC,ONGC-1174,HEX BLOT M24 40 MS
BHEL,BHEL-1175,HEX BLOT M24 40 HT
NTPC,NTPC-1176,HEX BOLT M24 40 HT
CPCL,CPCL-1177,40 HT HEX BOLT M24
SAIL,SAIL-1178,HEX BOLT M24 50 SS304
ONGC,ONGC-1179,HEX BLOT M24 50 SS304
NTPC,NTPC-1180,HEX BOLT M24 50
CPCL,CPCL-1181,HEX BOLT M24 50
NTPC,NTPC-1182,HEX BOLT M24 50
SAIL,SAIL-1183,50 CS HEX BOLT M24
CPCL,CPCL-1184,HEX BLOT M24 50 CS
SAIL,SAIL-1185,HEX BLOT M24 50 MS
BHEL,BHEL-1186,HEX BOLT M24 50 MS
SAIL,SAIL-1187,HEX BOLT M24 50
CPCL,CPCL-1188,50 HT HEX BOLT M24
SAIL,SAIL-1189,HEX BLOT M24 60 SS304
SAIL,SAIL-1190,HEX BLOT M24 60 SS316
ONGC,ONGC-1191,HEX BOLT M24 60 SS316
CPCL,CPCL-1192,60 CS HEX BOLT M24
SAIL,SAIL-1193,HEX BOLT M24 60
NTPC,NTPC-1194,HEX BOLT M24 60
SAIL,SAIL-1195,HEX BOLT M24 60 MS
CPCL,CPCL-1196,HEX BOLT M24 60 MS
ONGC,ONGC-1197,HEX BOLT M24 60 HT
CPCL,CPCL-1198,HEX BOLT M24 60 HT
SAIL,SAIL-1199,HEX BOLT M24 60
NTPC,NTPC-1200,HEX BOLT M24 75 SS304
CPCL,CPCL-1201,HEX BOLT M24 75
SAIL,SAIL-1202,75 SS304 HEX BOLT M24
CPCL,CPCL-1203,HEX BOLT M24 75 SS316
SAIL,SAIL-1204,HEX BOLT M24 75 CS
BHEL,BHEL-1205,75 CS HEX BOLT M24
ONGC,ONGC-1206,HEX BLOT M24 75 CS
SAIL,SAIL-1207,HEX BOLT M24 75
NTPC,NTPC-1208,HEX BOLT M24 75 MS
NTPC,NTPC-1209,HEX BOLT M24 75 HT
CPCL,CPCL-1210,HEX BLOT M24 75 HT
BHEL,BHEL-1211,HEX BOLT M24 75 HT
NTPC,NTPC-1212,HEX BOLT M24 100
ONGC,ONGC-1213,HEX BOLT M24 100 SS304
BHEL,BHEL-1214,HEX BLOT M24 100 SS304
SAIL,SAIL-1215,HEX BOLT M24 100
CPCL,CPCL-1216,HEX BOLT M24 100
ONGC,ONGC-1217,HEX BOLT M24 100
BHEL,BHEL-1218,HEX BOLT M24 100 MS
NTPC,NTPC-1219,HEX BOLT M24 100 MS
ONGC,ONGC-1220,HEX BLOT M24 100 HT
BHEL,BHEL-1221,HEX BLOT M24 100 HT
CPCL,CPCL-1222,STUD BLOT M16 100 B7
ONGC,ONGC-1223,STUD BOLT M16 100 B8
CPCL,CPCL-1224,STUD BOLT M16 100 B8
BHEL,BHEL-1225,STUD BOLT M16 100 B8M
SAIL,SAIL-1226,STUD BOLT M16 100
BHEL,BHEL-1227,100 L7 STUD BOLT M16
SAIL,SAIL-1228,100 L7 STUD BOLT M16
NTPC,NTPC-1229,STUD BOLT M16 100 L7
NTPC,NTPC-1230,STUD BOLT M16 150 B7
SAIL,SAIL-1231,STUD BLOT M16 150 B7
BHEL,BHEL-1232,STUD BOLT M16 150 B7
BHEL,BHEL-1233,STUD BLOT M16 150 B8
ONGC,ONGC-1234,STUD BOLT M16 150 B8
NTPC,NTPC-1235,STUD BLOT M16 150 B8
NTPC,NTPC-1236,STUD BOLT M16 150 B8M
BHEL,BHEL-1237,STUD BOLT M16 150 B8M
CPCL,CPCL-1238,STUD BLOT M16 150 B8M
SAIL,SAIL-1239,STUD BLOT M16 150 L7
ONGC,ONGC-1240,200 B7 STUD BOLT M16
CPCL,CPCL-1241,STUD BLOT M16 200 B8
NTPC,NTPC-1242,STUD BOLT M16 200
BHEL,BHEL-1243,STUD BLOT M16 200 B8M
ONGC,ONGC-1244,STUD BLOT M16 200 L7
CPCL,CPCL-1245,200 L7 STUD BOLT M16
NTPC,NTPC-1246,STUD BOLT M16 200
SAIL,SAIL-1247,100 B7 STUD BOLT M20
ONGC,ONGC-1248,STUD BLOT M20 100 B7
ONGC,ONGC-1249,100 B8 STUD BOLT M20
BHEL,BHEL-1250,STUD BLOT M20 100 B8
NTPC,NTPC-1251,STUD BOLT M20 100 B8
NTPC,NTPC-1252,STUD BLOT M20 100 B8M
BHEL,BHEL-1253,STUD BLOT M20 100 B8M
ONGC,ONGC-1254,STUD BOLT M20 100 B8M
SAIL,SAIL-1255,100 L7 STUD BOLT M20
NTPC,NTPC-1256,STUD BOLT M20 100 L7
CPCL,CPCL-1257,STUD BOLT M20 100
NTPC,NTPC-1258,150 B7 STUD BOLT M20
CPCL,CPCL-1259,150 B7 STUD BOLT M20
CPCL,CPCL-1260,STUD BLOT M20 150 B8
SAIL,SAIL-1261,STUD BOLT M20 150
NTPC,NTPC-1262,STUD BOLT M20 150 B8
NTPC,NTPC-1263,STUD BLOT M20 150 B8M
ONGC,ONGC-1264,STUD BOLT M20 150 B8M
CPCL,CPCL-1265,STUD BLOT M20 150 L7
SAIL,SAIL-1266,STUD BLOT M20 150 L7
NTPC,NTPC-1267,200 B7 STUD BOLT M20
SAIL,SAIL-1268,STUD BOLT M20 200
NTPC,NTPC-1269,200 B8M STUD BOLT M20
ONGC,ONGC-1270,200 B8M STUD BOLT M20
SAIL,SAIL-1271,STUD BOLT M20 200 B8M
SAIL,SAIL-1272,STUD BOLT M20 200 L7
CPCL,CPCL-1273,STUD BLOT M20 200 L7
NTPC,NTPC-1274,NUT HEX M12
ONGC,ONGC-1275,NUT HEX M12 SS316
BHEL,BHEL-1276,NUT HEX M12
NTPC,NTPC-1277,NUT HEX M12 SS316
SAIL,SAIL-1278,NUT HEX M12 CS
BHEL,BHEL-1279,NUT HEX M12 CS
BHEL,BHEL-1280,NUT HEX M12
BHEL,BHEL-1281,NUT HEX M12 GR8
ONGC,ONGC-1282,NUT HEX M12
CPCL,CPCL-1283,NUT HEX M12 GR8
SAIL,SAIL-1284,NUT HEX M16 SS304
BHEL,BHEL-1285,NUT HEX M16 SS304
CPCL,CPCL-1286,M16 SS304 NUT HEX
SAIL,SAIL-1287,NUT HEX M16 SS316
ONGC,ONGC-1288,NUT HEX M16 SS316
NTPC,NTPC-1289,NUT HEX M16 CS
SAIL,SAIL-1290,NUT HEX M16 2H
BHEL,BHEL-1291,M16 2H NUT HEX
BHEL,BHEL-1292,NUT HEX M16 GR8
CPCL,CPCL-1293,M20 SS304 NUT HEX
BHEL,BHEL-1294,M20 SS316 NUT HEX
CPCL,CPCL-1295,NUT HEX M20 SS316
NTPC,NTPC-1296,NUT HEX M20 SS316
BHEL,BHEL-1297,NUT HEX M20
SAIL,SAIL-1298,M20 CS NUT HEX
NTPC,NTPC-1299,NUT HEX M20
BHEL,BHEL-1300,NUT HEX M20 2H
NTPC,NTPC-1301,NUT HEX M20 2H
BHEL,BHEL-1302,NUT HEX M20 GR8
NTPC,NTPC-1303,NUT HEX M20 GR8
NTPC,NTPC-1304,M24 SS304 NUT HEX
SAIL,SAIL-1305,M24 SS304 NUT HEX
CPCL,CPCL-1306,M24 SS304 NUT HEX
ONGC,ONGC-1307,NUT HEX M24 SS316
CPCL,CPCL-1308,NUT HEX M24 CS
ONGC,ONGC-1309,M24 2H NUT HEX
SAIL,SAIL-1310,NUT HEX M24 2H
SAIL,SAIL-1311,NUT HEX M24 GR8
SAIL,SAIL-1312,WASHER FLAT M12 SS304
NTPC,NTPC-1313,WASHER FLAT M12 SS304
BHEL,BHEL-1314,WASHER FLAT M12 SS304
BHEL,BHEL-1315,WASHER FLAT M12 MS
ONGC,ONGC-1316,M12 MS WASHER FLAT
CPCL,CPCL-1317,WASHER FLAT M12
CPCL,CPCL-1318,WASHER FLAT M12 SPRING STEEL
BHEL,BHEL-1319,WASHER FLAT M12 SPRING STEEL
CPCL,CPCL-1320,WASHER FLAT M16 SS304
ONGC,ONGC-1321,WASHER FLAT M16 SS304
CPCL,CPCL-1322,M16 MS WASHER FLAT
ONGC,ONGC-1323,WASHER FLAT M16 MS
CPCL,CPCL-1324,WASHER FLAT M16 SPRING STEEL
SAIL,SAIL-1325,WASHER FLAT M16 SPRING STEEL
BHEL,BHEL-1326,WASHER FLAT M16 SPRING
SAIL,SAIL-1327,WASHER FLAT M20
CPCL,CPCL-1328,WASHER FLAT M20
NTPC,NTPC-1329,WASHER FLAT M20 MS
BHEL,BHEL-1330,WASHER FLAT M20
CPCL,CPCL-1331,M20 MS WASHER FLAT
NTPC,NTPC-1332,WASHER FLAT M20 SPRING
CPCL,CPCL-1333,WASHER FLAT M24 SS304
NTPC,NTPC-1334,WASHER FLAT M24 SS304
ONGC,ONGC-1335,WASHER FLAT M24 MS
NTPC,NTPC-1336,WASHER FLAT M24 SPRING STEEL
BHEL,BHEL-1337,PIPE SMLS 2 INCH SCH40 CS
NTPC,NTPC-1338,PIPE SMLS 2 INCH SCH40 CS
SAIL,SAIL-1339,PIPE SMLS 2 INCH SCH40 CS
BHEL,BHEL-1340,PIPE SMLS 2 INCH SCH40 SS304
CPCL,CPCL-1341,PIPE SMLS 2 INCH SCH40
NTPC,NTPC-1342,PIPE SMLS 2 INCH SCH40
ONGC,ONGC-1343,PIPE SMLS 2 INCH SCH40 SS316
CPCL,CPCL-1344,PIPE SMLS 2 INCH SCH40 ALLOY STEEL
CPCL,CPCL-1345,PIPE SMLS 2 INCH SCH80 CS
ONGC,ONGC-1346,PIPE SMLS 2 INCH SCH80
CPCL,CPCL-1347,"PIPE SMLS 2 "" SCH80 SS304"
NTPC,NTPC-1348,PIPE SMLS 2 INCH SCH80 SS304
ONGC,ONGC-1349,SCH80 SS304 PIPE SMLS 2 INCH
CPCL,CPCL-1350,SCH80 SS316 PIPE SMLS 2 INCH
NTPC,NTPC-1351,SCH80 SS316 PIPE SMLS 2 INCH
NTPC,NTPC-1352,"PIPE SMLS 2 "" SCH80 ALLOY STEEL"
NTPC,NTPC-1353,PIPE SMLS 2 INCH SCH160 CS
CPCL,CPCL-1354,SCH160 CS PIPE SMLS 2 INCH
BHEL,BHEL-1355,PIPE SMLS 2 INCH SCH160
SAIL,SAIL-1356,"PIPE SMLS 2 "" SCH160 SS304"
CPCL,CPCL-1357,PIPE SMLS 2 INCH SCH160
BHEL,BHEL-1358,ALLOY STEEL PIPE SMLS 2 INCH SCH160
CPCL,CPCL-1359,PIPE SMLS 2 INCH SCH160 ALLOY
NTPC,NTPC-1360,PIPE SMLS 2 INCH SCH160 ALLOY STEEL
SAIL,SAIL-1361,PIPE SMLS 4 INCH SCH40
BHEL,BHEL-1362,"PIPE SMLS 4 "" SCH40 SS304"
SAIL,SAIL-1363,PIPE SMLS 4 INCH SCH40
SAIL,SAIL-1364,PIPE SMLS 4 INCH SCH40 SS316
CPCL,CPCL-1365,PIPE SMLS 4 INCH SCH40 SS316
NTPC,NTPC-1366,PIPE SMLS 4 INCH SCH40
CPCL,CPCL-1367,"PIPE SMLS 4 "" SCH40 ALLOY STEEL"
NTPC,NTPC-1368,PIPE SMLS 4 INCH SCH40 ALLOY
BHEL,BHEL-1369,PIPE SMLS 4 INCH SCH80 CS
CPCL,CPCL-1370,PIPE SMLS 4 INCH SCH80 SS304
NTPC,NTPC-1371,PIPE SMLS 4 INCH SCH80
SAIL,SAIL-1372,"PIPE SMLS 4 "" SCH80 SS304"
SAIL,SAIL-1373,SCH80 SS316 PIPE SMLS 4 INCH
NTPC,NTPC-1374,PIPE SMLS 4 INCH SCH80 ALLOY STEEL
CPCL,CPCL-1375,PIPE SMLS 4 INCH SCH160
CPCL,CPCL-1376,SCH160 SS304 PIPE SMLS 4 INCH
SAIL,SAIL-1377,"PIPE SMLS 4 "" SCH160 SS304"
NTPC,NTPC-1378,PIPE SMLS 4 INCH SCH160 SS304
NTPC,NTPC-1379,PIPE SMLS 4 INCH SCH160
BHEL,BHEL-1380,PIPE SMLS 4 INCH SCH160 SS316
ONGC,ONGC-1381,PIPE SMLS 4 INCH SCH160 ALLOY STEEL
NTPC,NTPC-1382,PIPE SMLS 6 INCH SCH40
SAIL,SAIL-1383,SCH40 CS PIPE SMLS 6 INCH
NTPC,NTPC-1384,"PIPE SMLS 6 "" SCH40 SS304"
ONGC,ONGC-1385,PIPE SMLS 6 INCH SCH40
CPCL,CPCL-1386,PIPE SMLS 6 INCH SCH40
BHEL,BHEL-1387,PIPE SMLS 6 INCH SCH40 SS316
ONGC,ONGC-1388,"PIPE SMLS 6 "" SCH40 ALLOY STEEL"
NTPC,NTPC-1389,PIPE SMLS 6 INCH SCH40 ALLOY STEEL
SAIL,SAIL-1390,PIPE SMLS 6 INCH SCH80 CS
ONGC,ONGC-1391,"PIPE SMLS 6 "" SCH80 SS304"
BHEL,BHEL-1392,PIPE SMLS 6 INCH SCH80 SS304
NTPC,NTPC-1393,PIPE SMLS 6 INCH SCH80
SAIL,SAIL-1394,"PIPE SMLS 6 "" SCH80 SS316"
ONGC,ONGC-1395,PIPE SMLS 6 INCH SCH80 SS316
CPCL,CPCL-1396,"PIPE SMLS 6 "" SCH80 ALLOY STEEL"
NTPC,NTPC-1397,"PIPE SMLS 6 "" SCH160 CS"
SAIL,SAIL-1398,PIPE SMLS 6 INCH SCH160 CS
CPCL,CPCL-1399,PIPE SMLS 6 INCH SCH160 CS
ONGC,ONGC-1400,SCH160 SS304 PIPE SMLS 6 INCH
BHEL,BHEL-1401,PIPE SMLS 6 INCH SCH160
BHEL,BHEL-1402,PIPE SMLS 6 INCH SCH160 SS316
CPCL,CPCL-1403,SCH160 SS316 PIPE SMLS 6 INCH
ONGC,ONGC-1404,"PIPE SMLS 6 "" SCH160 SS316"
CPCL,CPCL-1405,PIPE SMLS 6 INCH SCH160 ALLOY STEEL
ONGC,ONGC-1406,PIPE SMLS 6 INCH SCH160 ALLOY STEEL
BHEL,BHEL-1407,PIPE SMLS 6 INCH SCH160 ALLOY STEEL
SAIL,SAIL-1408,SCH40 CS PIPE SMLS 8 INCH
CPCL,CPCL-1409,PIPE SMLS 8 INCH SCH40 CS
ONGC,ONGC-1410,"PIPE SMLS 8 "" SCH40 SS304"
BHEL,BHEL-1411,PIPE SMLS 8 INCH SCH40 SS304
NTPC,NTPC-1412,PIPE SMLS 8 INCH SCH40
SAIL,SAIL-1413,PIPE SMLS 8 INCH SCH40
ONGC,ONGC-1414,ALLOY STEEL PIPE SMLS 8 INCH SCH40
SAIL,SAIL-1415,SCH80 CS PIPE SMLS 8 INCH
CPCL,CPCL-1416,PIPE SMLS 8 INCH SCH80 SS304
BHEL,BHEL-1417,PIPE SMLS 8 INCH SCH80 SS304
NTPC,NTPC-1418,PIPE SMLS 8 INCH SCH80
SAIL,SAIL-1419,PIPE SMLS 8 INCH SCH80
ONGC,ONGC-1420,PIPE SMLS 8 INCH SCH80
ONGC,ONGC-1421,PIPE SMLS 8 INCH SCH80 ALLOY STEEL
SAIL,SAIL-1422,PIPE SMLS 8 INCH SCH80 ALLOY STEEL
NTPC,NTPC-1423,PIPE SMLS 8 INCH SCH80 ALLOY
BHEL,BHEL-1424,PIPE SMLS 8 INCH SCH160
ONGC,ONGC-1425,PIPE SMLS 8 INCH SCH160 CS
NTPC,NTPC-1426,PIPE SMLS 8 INCH SCH160 CS
BHEL,BHEL-1427,SCH160 SS304 PIPE SMLS 8 INCH
SAIL,SAIL-1428,PIPE SMLS 8 INCH SCH160 SS316
ONGC,ONGC-1429,SCH160 SS316 PIPE SMLS 8 INCH
BHEL,BHEL-1430,PIPE SMLS 8 INCH SCH160 SS316
SAIL,SAIL-1431,ALLOY STEEL PIPE SMLS 8 INCH SCH160
ONGC,ONGC-1432,"PIPE SMLS 8 "" SCH160 ALLOY STEEL"
NTPC,NTPC-1433,"ELBOW 90 DEG 2 "" SCH40 CS"
ONGC,ONGC-1434,ELBOW 90 DEG 2 INCH SCH40
CPCL,CPCL-1435,ELBOW 90 DEG 2 INCH SCH40 CS
NTPC,NTPC-1436,ELBOW 90 DEG 2 INCH SCH40
CPCL,CPCL-1437,SCH40 SS304 ELBOW 90 DEG 2 INCH
CPCL,CPCL-1438,SCH80 CS ELBOW 90 DEG 2 INCH
BHEL,BHEL-1439,ELBOW 90 DEG 2 INCH SCH80
ONGC,ONGC-1440,ELBOW 90 DEG 2 INCH SCH80
BHEL,BHEL-1441,ELBOW 90 DEG 2 INCH SCH80 SS304
CPCL,CPCL-1442,ELBOW 90 DEG 2 INCH SCH80 SS304
ONGC,ONGC-1443,SCH80 SS304 ELBOW 90 DEG 2 INCH
NTPC,NTPC-1444,ELBOW 90 DEG 4 INCH SCH40
BHEL,BHEL-1445,ELBOW 90 DEG 4 INCH SCH40 SS304
CPCL,CPCL-1446,"ELBOW 90 DEG 4 "" SCH40 SS304"
NTPC,NTPC-1447,ELBOW 90 DEG 4 INCH SCH40 SS304
SAIL,SAIL-1448,ELBOW 90 DEG 4 INCH SCH80
BHEL,BHEL-1449,ELBOW 90 DEG 4 INCH SCH80 SS304
ONGC,ONGC-1450,VALVE GATE 2 INCH 150#
ONGC,ONGC-1451,"VALVE GATE 2 "" 150# SS316"
SAIL,SAIL-1452,VALVE GATE 2 INCH 150# SS316
ONGC,ONGC-1453,150# WCB VALVE GATE 2 INCH
SAIL,SAIL-1454,150# WCB VALVE GATE 2 INCH
CPCL,CPCL-1455,150# WCB VALVE GATE 2 INCH
ONGC,ONGC-1456,VALVE GATE 2 INCH 300#
NTPC,NTPC-1457,"VALVE GATE 2 "" 300# CS"
SAIL,SAIL-1458,300# SS316 VALVE GATE 2 INCH
ONGC,ONGC-1459,VAVLE GATE 2 INCH 300# SS316
NTPC,NTPC-1460,VAVLE GATE 2 INCH 300# WCB
ONGC,ONGC-1461,VAVLE GATE 2 INCH 300# WCB
NTPC,NTPC-1462,"VALVE GATE 2 "" 600# CS"
CPCL,CPCL-1463,VALVE GATE 2 INCH 600#
SAIL,SAIL-1464,"VALVE GATE 2 "" 600# CS"
SAIL,SAIL-1465,600# SS316 VALVE GATE 2 INCH
NTPC,NTPC-1466,VALVE GATE 2 INCH 600#
BHEL,BHEL-1467,VAVLE GATE 2 INCH 600# SS316
CPCL,CPCL-1468,600# WCB VALVE GATE 2 INCH
NTPC,NTPC-1469,VALVE GATE 2 INCH 600#
BHEL,BHEL-1470,VALVE GATE 4 INCH 150# CS
ONGC,ONGC-1471,"VALVE GATE 4 "" 150# CS"
CPCL,CPCL-1472,150# CS VALVE GATE 4 INCH
NTPC,NTPC-1473,VALVE GATE 4 INCH 150#
CPCL,CPCL-1474,150# SS316 VALVE GATE 4 INCH
SAIL,SAIL-1475,"VALVE GATE 4 "" 150# WCB"
NTPC,NTPC-1476,"VALVE GATE 4 "" 150# WCB"
ONGC,ONGC-1477,300# CS VALVE GATE 4 INCH
SAIL,SAIL-1478,VAVLE GATE 4 INCH 300# CS
NTPC,NTPC-1479,VALVE GATE 4 INCH 300# SS316
NTPC,NTPC-1480,VALVE GATE 4 INCH 300#
NTPC,NTPC-1481,VALVE GATE 4 INCH 600#
ONGC,ONGC-1482,VALVE GATE 4 INCH 600#
SAIL,SAIL-1483,VAVLE GATE 4 INCH 600# SS316
CPCL,CPCL-1484,"VALVE GATE 4 "" 600# SS316"
SAIL,SAIL-1485,"VALVE GATE 4 "" 600# WCB"
NTPC,NTPC-1486,VALVE GATE 4 INCH 600#
CPCL,CPCL-1487,VAVLE GATE 4 INCH 600# WCB
NTPC,NTPC-1488,VALVE GATE 6 INCH 150#
ONGC,ONGC-1489,VALVE GATE 6 INCH 150#
CPCL,CPCL-1490,150# WCB VALVE GATE 6 INCH
ONGC,ONGC-1491,"VALVE GATE 6 "" 300# CS"
CPCL,CPCL-1492,VAVLE GATE 6 INCH 300# SS316
NTPC,NTPC-1493,VALVE GATE 6 INCH 300# SS316
CPCL,CPCL-1494,"VALVE GATE 6 "" 300# WCB"
SAIL,SAIL-1495,300# WCB VALVE GATE 6 INCH
ONGC,ONGC-1496,VALVE GATE 6 INCH 300#
BHEL,BHEL-1497,VALVE GATE 6 INCH 600# CS
SAIL,SAIL-1498,600# CS VALVE GATE 6 INCH
CPCL,CPCL-1499,600# CS VALVE GATE 6 INCH
BHEL,BHEL-1500,VALVE GATE 6 INCH 600#
ONGC,ONGC-1501,VALVE GATE 6 INCH 600#
SAIL,SAIL-1502,VALVE GATE 6 INCH 600#
NTPC,NTPC-1503,150# SS316 VALVE BALL 1 INCH
NTPC,NTPC-1504,VAVLE BALL 1 INCH 150# A105
SAIL,SAIL-1505,VAVLE BALL 1 INCH 150# A105
SAIL,SAIL-1506,"VALVE BALL 1 "" 800# SS316"
NTPC,NTPC-1507,VAVLE BALL 1 INCH 800# SS316
NTPC,NTPC-1508,"VALVE BALL 1 "" 800# A105"
ONGC,ONGC-1509,150# SS316 VALVE BALL 2 INCH
CPCL,CPCL-1510,"VALVE BALL 2 "" 150# A105"
ONGC,ONGC-1511,VALVE BALL 2 INCH 800#
NTPC,NTPC-1512,VAVLE BALL 2 INCH 800# SS316
BHEL,BHEL-1513,VALVE BALL 2 INCH 800# SS316
SAIL,SAIL-1514,"VALVE BALL 2 "" 800# A105"
NTPC,NTPC-1515,VALVE BALL 2 INCH 800#
ONGC,ONGC-1516,800# A105 VALVE BALL 2 INCH
SAIL,SAIL-1517,FLANGE WNRF 2 INCH 150# CS
NTPC,NTPC-1518,"FLANGE WNRF 2 "" 150# CS"
CPCL,CPCL-1519,"FLANGE WNRF 2 "" 150# CS"
NTPC,NTPC-1520,FLANGE WNRF 2 INCH 150# SS304
SAIL,SAIL-1521,FLANGE WNRF 2 INCH 150#
ONGC,ONGC-1522,FLANGE WNRF 2 INCH 150# SS304
NTPC,NTPC-1523,FLANGE WNRF 2 INCH 300# CS
CPCL,CPCL-1524,FLANGE WNRF 2 INCH 300#
NTPC,NTPC-1525,FLANGE WNRF 2 INCH 300# SS304
CPCL,CPCL-1526,FLANGE WNRF 4 INCH 150# CS
ONGC,ONGC-1527,FLANGE WNRF 4 INCH 150# CS
ONGC,ONGC-1528,"FLANGE WNRF 4 "" 150# SS304"
CPCL,CPCL-1529,"FLANGE WNRF 4 "" 150# SS304"
CPCL,CPCL-1530,FLANGE WNRF 4 INCH 300#
NTPC,NTPC-1531,300# CS FLANGE WNRF 4 INCH
BHEL,BHEL-1532,FLANGE WNRF 4 INCH 300# CS
ONGC,ONGC-1533,FLANGE WNRF 4 INCH 300#
NTPC,NTPC-1534,"FLANGE WNRF 6 "" 150# CS"
CPCL,CPCL-1535,FLANGE WNRF 6 INCH 150# SS304
NTPC,NTPC-1536,"FLANGE WNRF 6 "" 150# SS304"
SAIL,SAIL-1537,"FLANGE WNRF 6 "" 150# SS304"
CPCL,CPCL-1538,FLANGE WNRF 6 INCH 300# CS
NTPC,NTPC-1539,300# CS FLANGE WNRF 6 INCH
CPCL,CPCL-1540,FLANGE WNRF 6 INCH 300#
SAIL,SAIL-1541,CABLE POWER 3C X 2.5 SQMM CU XLPE
ONGC,ONGC-1542,CABLE POWER 3C X 2.5 SQMM CU XLPE
CPCL,CPCL-1543,CABLE POWER 3C X 2.5 SQMM CU XLPE
BHEL,BHEL-1544,AL XLPE CABLE POWER 3C X 2.5 SQMM
NTPC,NTPC-1545,CABLE POWER 3C X 2.5 SQ AL XLPE
BHEL,BHEL-1546,CABLE POWER 3C X 2.5 SQMM CU
ONGC,ONGC-1547,CABLE POWER 3C X 2.5 SQMM CU
ONGC,ONGC-1548,CU XLPE CABLE POWER 4C X 4 SQMM
CPCL,CPCL-1549,CU XLPE CABLE POWER 4C X 4 SQMM
SAIL,SAIL-1550,CABLE POWER 4C X 4 SQ CU XLPE
ONGC,ONGC-1551,CABLE POWER 4C X 4 SQMM AL XLPE
BHEL,BHEL-1552,CU PVC CABLE POWER 4C X 4 SQMM
CPCL,CPCL-1553,CABLE POWER 4C X 4 SQMM CU
SAIL,SAIL-1554,CABLE POWER 3.5C X 35 SQMM CU
BHEL,BHEL-1555,CABLE POWER 3.5C X 35 SQ CU XLPE
CPCL,CPCL-1556,CABLE POWER 3.5C X 35 SQMM CU XLPE
CPCL,CPCL-1557,CABLE POWER 3.5C X 35 SQMM AL XLPE
ONGC,ONGC-1558,AL XLPE CABLE POWER 3.5C X 35 SQMM
SAIL,SAIL-1559,CABLE POWER 3.5C X 35 SQMM AL XLPE
ONGC,ONGC-1560,CABLE POWER 3.5C X 35 SQMM CU PVC
BHEL,BHEL-1561,CABLE POWER 3.5C X 35 SQMM CU PVC
CPCL,CPCL-1562,MOTOR SQUIRREL CAGE 5KW 415V IP55
SAIL,SAIL-1563,MOTOR SQUIRREL CAGE 5KW 415V IP55
BHEL,BHEL-1564,MOTOR SQUIRREL CAGE 5KW 415V IP55
ONGC,ONGC-1565,415V IP65 MOTOR SQUIRREL CAGE 5KW
SAIL,SAIL-1566,MOTOR SQUIRREL CAGE 5KW 415V
NTPC,NTPC-1567,MOTOR SQUIRREL CAGE 5KW 690V
BHEL,BHEL-1568,MOTOR SQUIRREL CAGE 5KW 690V IP65
BHEL,BHEL-1569,MOTOR SQUIRREL CAGE 15KW 415V IP55
NTPC,NTPC-1570,MOTOR SQUIRREL CAGE 15KW 415V IP55
ONGC,ONGC-1571,MOTOR SQUIRREL CAGE 15KW 415V IP55
ONGC,ONGC-1572,MOTOR SQUIRREL CAGE 15KW 415V IP65
SAIL,SAIL-1573,MOTOR SQUIRREL CAGE 15KW 415V IP65
NTPC,NTPC-1574,MOTOR SQUIRREL CAGE 15KW 415V
ONGC,ONGC-1575,MOTOR SQUIRREL CAGE 15KW 690V IP55
ONGC,ONGC-1576,690V IP65 MOTOR SQUIRREL CAGE 15KW
CPCL,CPCL-1577,MOTOR SQUIRREL CAGE 22KW 415V
NTPC,NTPC-1578,415V IP65 MOTOR SQUIRREL CAGE 22KW
ONGC,ONGC-1579,MOTOR SQUIRREL CAGE 22KW 415V IP65
CPCL,CPCL-1580,MOTOR SQUIRREL CAGE 22KW 690V
ONGC,ONGC-1581,MOTOR SQUIRREL CAGE 22KW 690V IP55
NTPC,NTPC-1582,MOTOR SQUIRREL CAGE 22KW 690V IP55
SAIL,SAIL-1583,690V IP65 MOTOR SQUIRREL CAGE 22KW
NTPC,NTPC-1584,MOTOR SQUIRREL CAGE 22KW 690V IP65
ONGC,ONGC-1585,MOTOR SQUIRREL CAGE 30KW 415V
ONGC,ONGC-1586,MOTOR SQUIRREL CAGE 30KW 415V
NTPC,NTPC-1587,MOTOR SQUIRREL CAGE 30KW 690V IP55
BHEL,BHEL-1588,690V IP55 MOTOR SQUIRREL CAGE 30KW
ONGC,ONGC-1589,MOTOR SQUIRREL CAGE 30KW 690V IP55
SAIL,SAIL-1590,MOTOR SQUIRREL CAGE 30KW 690V IP65
NTPC,NTPC-1591,MOTOR SQUIRREL CAGE 30KW 690V IP65
BHEL,BHEL-1592,MOTOR SQUIRREL CAGE 30KW 690V IP65
NTPC,NTPC-1593,BEARING BALL 6205 ZZ
CPCL,CPCL-1594,6205 ZZ BEARING BALL
BHEL,BHEL-1595,6205 ZZ BEARING BALL
SAIL,SAIL-1596,BEARING BALL 6205 2RS
NTPC,NTPC-1597,BEARING BALL 6205 2RS
ONGC,ONGC-1598,BEARING BALL 6205 2RS
ONGC,ONGC-1599,BEARING BALL 6205 OPEN
NTPC,NTPC-1600,BEARING BALL 6205 OPEN
SAIL,SAIL-1601,BEARING BALL 6205 OPEN
NTPC,NTPC-1602,BEARING BALL 6206 ZZ
CPCL,CPCL-1603,BEARING BALL 6206
SAIL,SAIL-1604,BEARING BALL 6206 ZZ
NTPC,NTPC-1605,BEARING BALL 6206
BHEL,BHEL-1606,6206 2RS BEARING BALL
CPCL,CPCL-1607,6206 2RS BEARING BALL
ONGC,ONGC-1608,BEARING BALL 6206 OPEN
CPCL,CPCL-1609,6206 OPEN BEARING BALL
NTPC,NTPC-1610,BEARING BALL 6206 OPEN
NTPC,NTPC-1611,BEARING BALL 6305 ZZ
BHEL,BHEL-1612,BEARING BALL 6305 2RS
CPCL,CPCL-1613,BEARING BALL 6305 2RS
NTPC,NTPC-1614,BEARING BALL 6305 2RS
BHEL,BHEL-1615,BEARING BALL 6305 OPEN
ONGC,ONGC-1616,6305 OPEN BEARING BALL
CPCL,CPCL-1617,BEARING BALL 6310 ZZ
SAIL,SAIL-1618,BEARING BALL 6310 ZZ
NTPC,NTPC-1619,BEARING BALL 6310 2RS
CPCL,CPCL-1620,BEARING BALL 6310 OPEN
BHEL,BHEL-1621,6310 OPEN BEARING BALL
CPCL,CPCL-1622,GASKET SPW 2 INCH 150#
CPCL,CPCL-1623,150# SS304/PTFE GASKET SPW 2 INCH
ONGC,ONGC-1624,GASKET SPW 2 INCH 150# SS304/PTFE
SAIL,SAIL-1625,GASKET SPW 2 INCH 150# SS304/PTFE
BHEL,BHEL-1626,GASKET SPW 2 INCH 300# SS316/GRAPHITE
SAIL,SAIL-1627,300# SS316/GRAPHITE GASKET SPW 2 INCH
SAIL,SAIL-1628,"GASKET SPW 2 "" 300# SS304/PTFE"
SAIL,SAIL-1629,GASKET SPW 4 INCH 150#
ONGC,ONGC-1630,GASKET SPW 4 INCH 150#
NTPC,NTPC-1631,"GASKET SPW 4 "" 150# SS316/GRAPHITE"
CPCL,CPCL-1632,GASKET SPW 4 INCH 150# SS304/PTFE
SAIL,SAIL-1633,"GASKET SPW 4 "" 150# SS304/PTFE"
NTPC,NTPC-1634,GASKET SPW 4 INCH 300# SS316/GRAPHITE
SAIL,SAIL-1635,GASKET SPW 4 INCH 300#
ONGC,ONGC-1636,"GASKET SPW 6 "" 150# SS316/GRAPHITE"
CPCL,CPCL-1637,"GASKET SPW 6 "" 150# SS316/GRAPHITE"
ONGC,ONGC-1638,150# SS304/PTFE GASKET SPW 6 INCH
NTPC,NTPC-1639,GASKET SPW 6 INCH 150# SS304/PTFE
BHEL,BHEL-1640,"GASKET SPW 6 "" 150# SS304/PTFE"
SAIL,SAIL-1641,GASKET SPW 6 INCH 300# SS316/GRAPHITE
SAIL,SAIL-1642,GASKET SPW 6 INCH 300# SS304/PTFE
ONGC,ONGC-1643,300# SS304/PTFE GASKET SPW 6 INCH
NTPC,NTPC-1644,GASKET SPW 6 INCH 300# SS304/PTFE
NTPC,UNK-1645,SPARE PART KIT FOR MACHINE 1645
BHEL,UNK-1646,SPARE PART KIT FOR MACHINE 1646
BHEL,UNK-1647,SPARE PART KIT FOR MACHINE 1647
SAIL,UNK-1648,SPARE PART KIT FOR MACHINE 1648
BHEL,UNK-1649,SPARE PART KIT FOR MACHINE 1649
NTPC,UNK-1650,SPARE PART KIT FOR MACHINE 1650
CPCL,UNK-1651,SPARE PART KIT FOR MACHINE 1651
NTPC,UNK-1652,SPARE PART KIT FOR MACHINE 1652
BHEL,UNK-1653,SPARE PART KIT FOR MACHINE 1653
BHEL,UNK-1654,SPARE PART KIT FOR MACHINE 1654
